"productkey","productalternatekey","subcategory_key","product_name","color"
1,"AR-5381",NULL,"Adjustable Race","NA"
2,"BA-8327",NULL,"Bearing Ball","NA"
3,"BE-2349",NULL,"BB Ball Bearing","NA"
4,"BE-2908",NULL,"Headset Ball Bearings","NA"
5,"BL-2036",NULL,"Blade","NA"
6,"CA-5965",NULL,"LL Crankarm","Black"
7,"CA-6738",NULL,"ML Crankarm","Black"
8,"CA-7457",NULL,"HL Crankarm","Black"
9,"CB-2903",NULL,"Chainring Bolts","Silver"
10,"CN-6137",NULL,"Chainring Nut","Silver"
11,"CR-7833",NULL,"Chainring","Black"
12,"CR-9981",NULL,"Crown Race","NA"
13,"CS-2812",NULL,"Chain Stays","NA"
14,"DC-8732",NULL,"Decal 1","NA"
15,"DC-9824",NULL,"Decal 2","NA"
16,"DT-2377",NULL,"Down Tube","NA"
17,"EC-M092",NULL,"Mountain End Caps","NA"
18,"EC-R098",NULL,"Road End Caps","NA"
19,"EC-T209",NULL,"Touring End Caps","NA"
20,"FE-3760",NULL,"Fork End","NA"
21,"FH-2981",NULL,"Freewheel","Silver"
22,"FW-1000",NULL,"Flat Washer 1","NA"
23,"FW-1200",NULL,"Flat Washer 6","NA"
24,"FW-1400",NULL,"Flat Washer 2","NA"
25,"FW-3400",NULL,"Flat Washer 9","NA"
26,"FW-3800",NULL,"Flat Washer 4","NA"
27,"FW-5160",NULL,"Flat Washer 3","NA"
28,"FW-5800",NULL,"Flat Washer 8","NA"
29,"FW-7160",NULL,"Flat Washer 5","NA"
30,"FW-9160",NULL,"Flat Washer 7","NA"
31,"FC-3654",NULL,"Fork Crown","NA"
32,"FC-3982",NULL,"Front Derailleur Cage","Silver"
33,"FL-2301",NULL,"Front Derailleur Linkage","Silver"
34,"GP-0982",NULL,"Guide Pulley","NA"
35,"GT-0820",NULL,"LL Grip Tape","NA"
36,"GT-1209",NULL,"ML Grip Tape","NA"
37,"GT-2908",NULL,"HL Grip Tape","NA"
38,"HJ-1213",NULL,"Thin-Jam Hex Nut 9","NA"
39,"HJ-1220",NULL,"Thin-Jam Hex Nut 10","NA"
40,"HJ-1420",NULL,"Thin-Jam Hex Nut 1","NA"
41,"HJ-1428",NULL,"Thin-Jam Hex Nut 2","NA"
42,"HJ-3410",NULL,"Thin-Jam Hex Nut 15","NA"
43,"HJ-3416",NULL,"Thin-Jam Hex Nut 16","NA"
44,"HJ-3816",NULL,"Thin-Jam Hex Nut 5","NA"
45,"HJ-3824",NULL,"Thin-Jam Hex Nut 6","NA"
46,"HJ-5161",NULL,"Thin-Jam Hex Nut 3","NA"
47,"HJ-5162",NULL,"Thin-Jam Hex Nut 4","NA"
48,"HJ-5811",NULL,"Thin-Jam Hex Nut 13","NA"
49,"HJ-5818",NULL,"Thin-Jam Hex Nut 14","NA"
50,"HJ-7161",NULL,"Thin-Jam Hex Nut 7","NA"
51,"HJ-7162",NULL,"Thin-Jam Hex Nut 8","NA"
52,"HJ-9080",NULL,"Thin-Jam Hex Nut 12","NA"
53,"HJ-9161",NULL,"Thin-Jam Hex Nut 11","NA"
54,"HN-1024",NULL,"Hex Nut 5","NA"
55,"HN-1032",NULL,"Hex Nut 6","NA"
56,"HN-1213",NULL,"Hex Nut 16","NA"
57,"HN-1220",NULL,"Hex Nut 17","NA"
58,"HN-1224",NULL,"Hex Nut 7","NA"
59,"HN-1420",NULL,"Hex Nut 8","NA"
60,"HN-1428",NULL,"Hex Nut 9","NA"
61,"HN-3410",NULL,"Hex Nut 22","NA"
62,"HN-3416",NULL,"Hex Nut 23","NA"
63,"HN-3816",NULL,"Hex Nut 12","NA"
64,"HN-3824",NULL,"Hex Nut 13","NA"
65,"HN-4402",NULL,"Hex Nut 1","NA"
66,"HN-5161",NULL,"Hex Nut 10","NA"
67,"HN-5162",NULL,"Hex Nut 11","NA"
68,"HN-5400",NULL,"Hex Nut 2","NA"
69,"HN-5811",NULL,"Hex Nut 20","NA"
70,"HN-5818",NULL,"Hex Nut 21","NA"
71,"HN-6320",NULL,"Hex Nut 3","NA"
72,"HN-7161",NULL,"Hex Nut 14","NA"
73,"HN-7162",NULL,"Hex Nut 15","NA"
74,"HN-8320",NULL,"Hex Nut 4","NA"
75,"HN-9161",NULL,"Hex Nut 18","NA"
76,"HN-9168",NULL,"Hex Nut 19","NA"
77,"HT-2981",NULL,"Handlebar Tube","NA"
78,"HT-8019",NULL,"Head Tube","NA"
79,"HU-6280",NULL,"LL Hub","NA"
80,"HU-8998",NULL,"HL Hub","NA"
81,"KW-4091",NULL,"Keyed Washer","NA"
82,"LE-1000",NULL,"External Lock Washer 3","NA"
83,"LE-1200",NULL,"External Lock Washer 4","NA"
84,"LE-1201",NULL,"External Lock Washer 9","NA"
85,"LE-1400",NULL,"External Lock Washer 5","NA"
86,"LE-3800",NULL,"External Lock Washer 7","NA"
87,"LE-5160",NULL,"External Lock Washer 6","NA"
88,"LE-6000",NULL,"External Lock Washer 1","NA"
89,"LE-7160",NULL,"External Lock Washer 8","NA"
90,"LE-8000",NULL,"External Lock Washer 2","NA"
91,"LI-1000",NULL,"Internal Lock Washer 3","NA"
92,"LI-1200",NULL,"Internal Lock Washer 4","NA"
93,"LI-1201",NULL,"Internal Lock Washer 9","NA"
94,"LI-1400",NULL,"Internal Lock Washer 5","NA"
95,"LI-3800",NULL,"Internal Lock Washer 7","NA"
96,"LI-5160",NULL,"Internal Lock Washer 6","NA"
97,"LI-5800",NULL,"Internal Lock Washer 10","NA"
98,"LI-6000",NULL,"Internal Lock Washer 1","NA"
99,"LI-7160",NULL,"Internal Lock Washer 8","NA"
100,"LI-8000",NULL,"Internal Lock Washer 2","NA"
101,"LJ-1213",NULL,"Thin-Jam Lock Nut 9","NA"
102,"LJ-1220",NULL,"Thin-Jam Lock Nut 10","NA"
103,"LJ-1420",NULL,"Thin-Jam Lock Nut 1","NA"
104,"LJ-1428",NULL,"Thin-Jam Lock Nut 2","NA"
105,"LJ-3410",NULL,"Thin-Jam Lock Nut 15","NA"
106,"LJ-3416",NULL,"Thin-Jam Lock Nut 16","NA"
107,"LJ-3816",NULL,"Thin-Jam Lock Nut 5","NA"
108,"LJ-3824",NULL,"Thin-Jam Lock Nut 6","NA"
109,"LJ-5161",NULL,"Thin-Jam Lock Nut 3","NA"
110,"LJ-5162",NULL,"Thin-Jam Lock Nut 4","NA"
111,"LJ-5811",NULL,"Thin-Jam Lock Nut 13","NA"
112,"LJ-5818",NULL,"Thin-Jam Lock Nut 14","NA"
113,"LJ-7161",NULL,"Thin-Jam Lock Nut 7","NA"
114,"LJ-7162",NULL,"Thin-Jam Lock Nut 8","NA"
115,"LJ-9080",NULL,"Thin-Jam Lock Nut 12","NA"
116,"LJ-9161",NULL,"Thin-Jam Lock Nut 11","NA"
117,"LN-1024",NULL,"Lock Nut 5","NA"
118,"LN-1032",NULL,"Lock Nut 6","NA"
119,"LN-1213",NULL,"Lock Nut 16","NA"
120,"LN-1220",NULL,"Lock Nut 17","NA"
121,"LN-1224",NULL,"Lock Nut 7","NA"
122,"LN-1420",NULL,"Lock Nut 8","NA"
123,"LN-1428",NULL,"Lock Nut 9","NA"
124,"LN-3410",NULL,"Lock Nut 22","NA"
125,"LN-3416",NULL,"Lock Nut 23","NA"
126,"LN-3816",NULL,"Lock Nut 12","NA"
127,"LN-3824",NULL,"Lock Nut 13","NA"
128,"LN-4400",NULL,"Lock Nut 1","NA"
129,"LN-5161",NULL,"Lock Nut 10","NA"
130,"LN-5162",NULL,"Lock Nut 11","NA"
131,"LN-5400",NULL,"Lock Nut 2","NA"
132,"LN-5811",NULL,"Lock Nut 20","NA"
133,"LN-5818",NULL,"Lock Nut 21","NA"
134,"LN-6320",NULL,"Lock Nut 3","NA"
135,"LN-7161",NULL,"Lock Nut 14","NA"
136,"LN-7162",NULL,"Lock Nut 15","NA"
137,"LN-8320",NULL,"Lock Nut 4","NA"
138,"LN-9080",NULL,"Lock Nut 19","NA"
139,"LN-9161",NULL,"Lock Nut 18","NA"
140,"LR-2398",NULL,"Lock Ring","Silver"
141,"LR-8520",NULL,"Lower Head Race","NA"
142,"LW-1000",NULL,"Lock Washer 4","NA"
143,"LW-1200",NULL,"Lock Washer 5","NA"
144,"LW-1201",NULL,"Lock Washer 10","NA"
145,"LW-1400",NULL,"Lock Washer 6","NA"
146,"LW-3400",NULL,"Lock Washer 13","NA"
147,"LW-3800",NULL,"Lock Washer 8","NA"
148,"LW-4000",NULL,"Lock Washer 1","NA"
149,"LW-5160",NULL,"Lock Washer 7","NA"
150,"LW-5800",NULL,"Lock Washer 12","NA"
151,"LW-6000",NULL,"Lock Washer 2","NA"
152,"LW-7160",NULL,"Lock Washer 9","NA"
153,"LW-8000",NULL,"Lock Washer 3","NA"
154,"LW-9160",NULL,"Lock Washer 11","NA"
155,"MA-7075",NULL,"Metal Angle","NA"
156,"MB-2024",NULL,"Metal Bar 1","NA"
157,"MB-6061",NULL,"Metal Bar 2","NA"
158,"MP-2066",NULL,"Metal Plate 2","NA"
159,"MP-2503",NULL,"Metal Plate 1","NA"
160,"MP-4960",NULL,"Metal Plate 3","NA"
161,"MS-0253",NULL,"Metal Sheet 2","NA"
162,"MS-1256",NULL,"Metal Sheet 3","NA"
163,"MS-1981",NULL,"Metal Sheet 7","NA"
164,"MS-2259",NULL,"Metal Sheet 4","NA"
165,"MS-2341",NULL,"Metal Sheet 5","NA"
166,"MS-2348",NULL,"Metal Sheet 6","NA"
167,"MS-6061",NULL,"Metal Sheet 1","NA"
168,"MT-1000",NULL,"Metal Tread Plate","NA"
169,"NI-4127",NULL,"LL Nipple","NA"
170,"NI-9522",NULL,"HL Nipple","NA"
171,"PA-187B",NULL,"Paint - Black","NA"
172,"PA-361R",NULL,"Paint - Red","NA"
173,"PA-529S",NULL,"Paint - Silver","NA"
174,"PA-632U",NULL,"Paint - Blue","NA"
175,"PA-823Y",NULL,"Paint - Yellow","NA"
176,"PB-6109",NULL,"Pinch Bolt","NA"
177,"RA-2345",NULL,"Cup-Shaped Race","NA"
178,"RA-7490",NULL,"Cone-Shaped Race","NA"
179,"RF-9198",NULL,"Reflector","NA"
180,"RM-M464",NULL,"LL Mountain Rim","NA"
181,"RM-M692",NULL,"ML Mountain Rim","NA"
182,"RM-M823",NULL,"HL Mountain Rim","NA"
183,"RM-R436",NULL,"LL Road Rim","NA"
184,"RM-R600",NULL,"ML Road Rim","NA"
185,"RM-R800",NULL,"HL Road Rim","NA"
186,"RM-T801",NULL,"Touring Rim","NA"
187,"SA-M198",NULL,"LL Mountain Seat Assembly","NA"
188,"SA-M237",NULL,"ML Mountain Seat Assembly","NA"
189,"SA-M687",NULL,"HL Mountain Seat Assembly","NA"
190,"SA-R127",NULL,"LL Road Seat Assembly","NA"
191,"SA-R430",NULL,"ML Road Seat Assembly","NA"
192,"SA-R522",NULL,"HL Road Seat Assembly","NA"
193,"SA-T467",NULL,"LL Touring Seat Assembly","NA"
194,"SA-T612",NULL,"ML Touring Seat Assembly","NA"
195,"SA-T872",NULL,"HL Touring Seat Assembly","NA"
196,"SD-2342",NULL,"LL Spindle/Axle","NA"
197,"SD-9872",NULL,"HL Spindle/Axle","NA"
198,"SH-4562",NULL,"LL Shell","NA"
199,"SH-9312",NULL,"HL Shell","NA"
200,"SK-9283",NULL,"Spokes","NA"
201,"SL-0931",NULL,"Seat Lug","NA"
202,"SM-9087",NULL,"Stem","NA"
203,"SP-2981",NULL,"Seat Post","NA"
204,"SR-2098",NULL,"Steerer","NA"
205,"SS-2985",NULL,"Seat Stays","NA"
206,"ST-9828",NULL,"Seat Tube","NA"
207,"TO-2301",NULL,"Top Tube","NA"
208,"TP-0923",NULL,"Tension Pulley","NA"
209,"RC-0291",NULL,"Rear Derailleur Cage","Silver"
210,"FR-R92B-58",14,"HL Road Frame - Black, 58","Black"
211,"FR-R92R-58",14,"HL Road Frame - Red, 58","Red"
212,"HL-U509-R",31,"Sport-100 Helmet, Red","Red"
213,"HL-U509-R",31,"Sport-100 Helmet, Red","Red"
214,"HL-U509-R",31,"Sport-100 Helmet, Red","Red"
215,"HL-U509",31,"Sport-100 Helmet, Black","Black"
216,"HL-U509",31,"Sport-100 Helmet, Black","Black"
217,"HL-U509",31,"Sport-100 Helmet, Black","Black"
218,"SO-B909-M",23,"Mountain Bike Socks, M","White"
219,"SO-B909-L",23,"Mountain Bike Socks, L","White"
220,"HL-U509-B",31,"Sport-100 Helmet, Blue","Blue"
221,"HL-U509-B",31,"Sport-100 Helmet, Blue","Blue"
222,"HL-U509-B",31,"Sport-100 Helmet, Blue","Blue"
223,"CA-1098",19,"AWC Logo Cap","Multi"
224,"CA-1098",19,"AWC Logo Cap","Multi"
225,"CA-1098",19,"AWC Logo Cap","Multi"
226,"LJ-0192-S",21,"Long-Sleeve Logo Jersey, S","Multi"
227,"LJ-0192-S",21,"Long-Sleeve Logo Jersey, S","Multi"
228,"LJ-0192-S",21,"Long-Sleeve Logo Jersey, S","Multi"
229,"LJ-0192-M",21,"Long-Sleeve Logo Jersey, M","Multi"
230,"LJ-0192-M",21,"Long-Sleeve Logo Jersey, M","Multi"
231,"LJ-0192-M",21,"Long-Sleeve Logo Jersey, M","Multi"
232,"LJ-0192-L",21,"Long-Sleeve Logo Jersey, L","Multi"
233,"LJ-0192-L",21,"Long-Sleeve Logo Jersey, L","Multi"
234,"LJ-0192-L",21,"Long-Sleeve Logo Jersey, L","Multi"
235,"LJ-0192-X",21,"Long-Sleeve Logo Jersey, XL","Multi"
236,"LJ-0192-X",21,"Long-Sleeve Logo Jersey, XL","Multi"
237,"LJ-0192-X",21,"Long-Sleeve Logo Jersey, XL","Multi"
238,"FR-R92R-62",14,"HL Road Frame - Red, 62","Red"
239,"FR-R92R-62",14,"HL Road Frame - Red, 62","Red"
240,"FR-R92R-62",14,"HL Road Frame - Red, 62","Red"
241,"FR-R92R-44",14,"HL Road Frame - Red, 44","Red"
242,"FR-R92R-44",14,"HL Road Frame - Red, 44","Red"
243,"FR-R92R-44",14,"HL Road Frame - Red, 44","Red"
244,"FR-R92R-48",14,"HL Road Frame - Red, 48","Red"
245,"FR-R92R-48",14,"HL Road Frame - Red, 48","Red"
246,"FR-R92R-48",14,"HL Road Frame - Red, 48","Red"
247,"FR-R92R-52",14,"HL Road Frame - Red, 52","Red"
248,"FR-R92R-52",14,"HL Road Frame - Red, 52","Red"
249,"FR-R92R-52",14,"HL Road Frame - Red, 52","Red"
250,"FR-R92R-56",14,"HL Road Frame - Red, 56","Red"
251,"FR-R92R-56",14,"HL Road Frame - Red, 56","Red"
252,"FR-R92R-56",14,"HL Road Frame - Red, 56","Red"
253,"FR-R38B-58",14,"LL Road Frame - Black, 58","Black"
254,"FR-R38B-58",14,"LL Road Frame - Black, 58","Black"
255,"FR-R38B-58",14,"LL Road Frame - Black, 58","Black"
256,"FR-R38B-60",14,"LL Road Frame - Black, 60","Black"
257,"FR-R38B-60",14,"LL Road Frame - Black, 60","Black"
258,"FR-R38B-60",14,"LL Road Frame - Black, 60","Black"
259,"FR-R38B-62",14,"LL Road Frame - Black, 62","Black"
260,"FR-R38B-62",14,"LL Road Frame - Black, 62","Black"
261,"FR-R38B-62",14,"LL Road Frame - Black, 62","Black"
262,"FR-R38R-44",14,"LL Road Frame - Red, 44","Red"
263,"FR-R38R-44",14,"LL Road Frame - Red, 44","Red"
264,"FR-R38R-48",14,"LL Road Frame - Red, 48","Red"
265,"FR-R38R-48",14,"LL Road Frame - Red, 48","Red"
266,"FR-R38R-52",14,"LL Road Frame - Red, 52","Red"
267,"FR-R38R-52",14,"LL Road Frame - Red, 52","Red"
268,"FR-R38R-58",14,"LL Road Frame - Red, 58","Red"
269,"FR-R38R-58",14,"LL Road Frame - Red, 58","Red"
270,"FR-R38R-60",14,"LL Road Frame - Red, 60","Red"
271,"FR-R38R-60",14,"LL Road Frame - Red, 60","Red"
272,"FR-R38R-62",14,"LL Road Frame - Red, 62","Red"
273,"FR-R38R-62",14,"LL Road Frame - Red, 62","Red"
274,"FR-R72R-44",14,"ML Road Frame - Red, 44","Red"
275,"FR-R72R-48",14,"ML Road Frame - Red, 48","Red"
276,"FR-R72R-52",14,"ML Road Frame - Red, 52","Red"
277,"FR-R72R-58",14,"ML Road Frame - Red, 58","Red"
278,"FR-R72R-60",14,"ML Road Frame - Red, 60","Red"
279,"FR-R38B-44",14,"LL Road Frame - Black, 44","Black"
280,"FR-R38B-44",14,"LL Road Frame - Black, 44","Black"
281,"FR-R38B-44",14,"LL Road Frame - Black, 44","Black"
282,"FR-R38B-48",14,"LL Road Frame - Black, 48","Black"
283,"FR-R38B-48",14,"LL Road Frame - Black, 48","Black"
284,"FR-R38B-48",14,"LL Road Frame - Black, 48","Black"
285,"FR-R38B-52",14,"LL Road Frame - Black, 52","Black"
286,"FR-R38B-52",14,"LL Road Frame - Black, 52","Black"
287,"FR-R38B-52",14,"LL Road Frame - Black, 52","Black"
288,"FR-M94S-42",12,"HL Mountain Frame - Silver, 42","Silver"
289,"FR-M94S-42",12,"HL Mountain Frame - Silver, 42","Silver"
290,"FR-M94S-42",12,"HL Mountain Frame - Silver, 42","Silver"
291,"FR-M94S-44",12,"HL Mountain Frame - Silver, 44","Silver"
292,"FR-M94S-52",12,"HL Mountain Frame - Silver, 48","Silver"
293,"FR-M94S-46",12,"HL Mountain Frame - Silver, 46","Silver"
294,"FR-M94S-46",12,"HL Mountain Frame - Silver, 46","Silver"
295,"FR-M94S-46",12,"HL Mountain Frame - Silver, 46","Silver"
296,"FR-M94B-42",12,"HL Mountain Frame - Black, 42","Black"
297,"FR-M94B-42",12,"HL Mountain Frame - Black, 42","Black"
298,"FR-M94B-42",12,"HL Mountain Frame - Black, 42","Black"
299,"FR-M94B-44",12,"HL Mountain Frame - Black, 44","Black"
300,"FR-M94B-48",12,"HL Mountain Frame - Black, 48","Black"
301,"FR-M94B-46",12,"HL Mountain Frame - Black, 46","Black"
302,"FR-M94B-46",12,"HL Mountain Frame - Black, 46","Black"
303,"FR-M94B-46",12,"HL Mountain Frame - Black, 46","Black"
304,"FR-M94B-38",12,"HL Mountain Frame - Black, 38","Black"
305,"FR-M94B-38",12,"HL Mountain Frame - Black, 38","Black"
306,"FR-M94B-38",12,"HL Mountain Frame - Black, 38","Black"
307,"FR-M94S-38",12,"HL Mountain Frame - Silver, 38","Silver"
335,"BK-R50B-60",2,"Road-650 Black, 60","Black"
308,"FR-M94S-38",12,"HL Mountain Frame - Silver, 38","Silver"
309,"FR-M94S-38",12,"HL Mountain Frame - Silver, 38","Silver"
310,"BK-R93R-62",2,"Road-150 Red, 62","Red"
311,"BK-R93R-44",2,"Road-150 Red, 44","Red"
312,"BK-R93R-48",2,"Road-150 Red, 48","Red"
313,"BK-R93R-52",2,"Road-150 Red, 52","Red"
314,"BK-R93R-56",2,"Road-150 Red, 56","Red"
315,"BK-R68R-58",2,"Road-450 Red, 58","Red"
316,"BK-R68R-60",2,"Road-450 Red, 60","Red"
317,"BK-R68R-44",2,"Road-450 Red, 44","Red"
318,"BK-R68R-48",2,"Road-450 Red, 48","Red"
319,"BK-R68R-52",2,"Road-450 Red, 52","Red"
320,"BK-R50R-58",2,"Road-650 Red, 58","Red"
321,"BK-R50R-58",2,"Road-650 Red, 58","Red"
322,"BK-R50R-60",2,"Road-650 Red, 60","Red"
323,"BK-R50R-60",2,"Road-650 Red, 60","Red"
324,"BK-R50R-62",2,"Road-650 Red, 62","Red"
325,"BK-R50R-62",2,"Road-650 Red, 62","Red"
326,"BK-R50R-44",2,"Road-650 Red, 44","Red"
327,"BK-R50R-44",2,"Road-650 Red, 44","Red"
328,"BK-R50R-48",2,"Road-650 Red, 48","Red"
329,"BK-R50R-48",2,"Road-650 Red, 48","Red"
330,"BK-R50R-52",2,"Road-650 Red, 52","Red"
331,"BK-R50R-52",2,"Road-650 Red, 52","Red"
332,"BK-R50B-58",2,"Road-650 Black, 58","Black"
333,"BK-R50B-58",2,"Road-650 Black, 58","Black"
334,"BK-R50B-60",2,"Road-650 Black, 60","Black"
336,"BK-R50B-62",2,"Road-650 Black, 62","Black"
337,"BK-R50B-62",2,"Road-650 Black, 62","Black"
338,"BK-R50B-44",2,"Road-650 Black, 44","Black"
339,"BK-R50B-44",2,"Road-650 Black, 44","Black"
340,"BK-R50B-48",2,"Road-650 Black, 48","Black"
341,"BK-R50B-48",2,"Road-650 Black, 48","Black"
342,"BK-R50B-52",2,"Road-650 Black, 52","Black"
343,"BK-R50B-52",2,"Road-650 Black, 52","Black"
344,"BK-M82S-38",1,"Mountain-100 Silver, 38","Silver"
345,"BK-M82S-42",1,"Mountain-100 Silver, 42","Silver"
346,"BK-M82S-44",1,"Mountain-100 Silver, 44","Silver"
347,"BK-M82S-48",1,"Mountain-100 Silver, 48","Silver"
348,"BK-M82B-38",1,"Mountain-100 Black, 38","Black"
349,"BK-M82B-42",1,"Mountain-100 Black, 42","Black"
350,"BK-M82B-44",1,"Mountain-100 Black, 44","Black"
351,"BK-M82B-48",1,"Mountain-100 Black, 48","Black"
352,"BK-M68S-38",1,"Mountain-200 Silver, 38","Silver"
353,"BK-M68S-38",1,"Mountain-200 Silver, 38","Silver"
354,"BK-M68S-42",1,"Mountain-200 Silver, 42","Silver"
355,"BK-M68S-42",1,"Mountain-200 Silver, 42","Silver"
356,"BK-M68S-46",1,"Mountain-200 Silver, 46","Silver"
357,"BK-M68S-46",1,"Mountain-200 Silver, 46","Silver"
358,"BK-M68B-38",1,"Mountain-200 Black, 38","Black"
359,"BK-M68B-38",1,"Mountain-200 Black, 38","Black"
360,"BK-M68B-42",1,"Mountain-200 Black, 42","Black"
361,"BK-M68B-42",1,"Mountain-200 Black, 42","Black"
362,"BK-M68B-46",1,"Mountain-200 Black, 46","Black"
363,"BK-M68B-46",1,"Mountain-200 Black, 46","Black"
364,"BK-M47B-38",1,"Mountain-300 Black, 38","Black"
365,"BK-M47B-40",1,"Mountain-300 Black, 40","Black"
366,"BK-M47B-44",1,"Mountain-300 Black, 44","Black"
367,"BK-M47B-48",1,"Mountain-300 Black, 48","Black"
368,"BK-R89R-44",2,"Road-250 Red, 44","Red"
369,"BK-R89R-48",2,"Road-250 Red, 48","Red"
370,"BK-R89R-52",2,"Road-250 Red, 52","Red"
371,"BK-R89R-58",2,"Road-250 Red, 58","Red"
372,"BK-R89R-58",2,"Road-250 Red, 58","Red"
373,"BK-R89B-44",2,"Road-250 Black, 44","Black"
374,"BK-R89B-44",2,"Road-250 Black, 44","Black"
375,"BK-R89B-48",2,"Road-250 Black, 48","Black"
376,"BK-R89B-48",2,"Road-250 Black, 48","Black"
377,"BK-R89B-52",2,"Road-250 Black, 52","Black"
378,"BK-R89B-52",2,"Road-250 Black, 52","Black"
379,"BK-R89B-58",2,"Road-250 Black, 58","Black"
380,"BK-R89B-58",2,"Road-250 Black, 58","Black"
381,"BK-R64Y-38",2,"Road-550-W Yellow, 38","Yellow"
382,"BK-R64Y-38",2,"Road-550-W Yellow, 38","Yellow"
383,"BK-R64Y-40",2,"Road-550-W Yellow, 40","Yellow"
384,"BK-R64Y-40",2,"Road-550-W Yellow, 40","Yellow"
385,"BK-R64Y-42",2,"Road-550-W Yellow, 42","Yellow"
386,"BK-R64Y-42",2,"Road-550-W Yellow, 42","Yellow"
387,"BK-R64Y-44",2,"Road-550-W Yellow, 44","Yellow"
388,"BK-R64Y-44",2,"Road-550-W Yellow, 44","Yellow"
389,"BK-R64Y-48",2,"Road-550-W Yellow, 48","Yellow"
390,"BK-R64Y-48",2,"Road-550-W Yellow, 48","Yellow"
391,"FK-1639",10,"LL Fork","NA"
392,"FK-5136",10,"ML Fork","NA"
393,"FK-9939",10,"HL Fork","NA"
394,"HS-0296",11,"LL Headset","NA"
395,"HS-2451",11,"ML Headset","NA"
396,"HS-3479",11,"HL Headset","NA"
397,"HB-M243",4,"LL Mountain Handlebars","NA"
398,"HB-M243",4,"LL Mountain Handlebars","NA"
399,"HB-M763",4,"ML Mountain Handlebars","NA"
400,"HB-M763",4,"ML Mountain Handlebars","NA"
401,"HB-M918",4,"HL Mountain Handlebars","NA"
402,"HB-M918",4,"HL Mountain Handlebars","NA"
403,"HB-R504",4,"LL Road Handlebars","NA"
404,"HB-R504",4,"LL Road Handlebars","NA"
405,"HB-R720",4,"ML Road Handlebars","NA"
406,"HB-R720",4,"ML Road Handlebars","NA"
407,"HB-R956",4,"HL Road Handlebars","NA"
408,"HB-R956",4,"HL Road Handlebars","NA"
409,"FR-M63B-38",12,"ML Mountain Frame - Black, 38","Black"
410,"FW-M423",17,"LL Mountain Front Wheel","Black"
411,"FW-M762",17,"ML Mountain Front Wheel","Black"
412,"FW-M928",17,"HL Mountain Front Wheel","Black"
413,"FW-R623",17,"LL Road Front Wheel","Black"
414,"FW-R762",17,"ML Road Front Wheel","Black"
415,"FW-R820",17,"HL Road Front Wheel","Black"
416,"FW-T905",17,"Touring Front Wheel","Black"
417,"FR-R72Y-38",14,"ML Road Frame-W - Yellow, 38","Yellow"
418,"FR-R72Y-38",14,"ML Road Frame-W - Yellow, 38","Yellow"
419,"RW-M423",17,"LL Mountain Rear Wheel","Black"
420,"RW-M762",17,"ML Mountain Rear Wheel","Black"
421,"RW-M928",17,"HL Mountain Rear Wheel","Black"
422,"RW-R623",17,"LL Road Rear Wheel","Black"
423,"RW-R762",17,"ML Road Rear Wheel","Black"
424,"RW-R820",17,"HL Road Rear Wheel","Black"
425,"RW-T905",17,"Touring Rear Wheel","Black"
426,"FR-M63B-40",12,"ML Mountain Frame - Black, 40","Black"
427,"FR-M63B-44",12,"ML Mountain Frame - Black, 44","Black"
428,"FR-M63B-48",12,"ML Mountain Frame - Black, 48","Black"
429,"FR-R72Y-40",14,"ML Road Frame-W - Yellow, 40","Yellow"
430,"FR-R72Y-40",14,"ML Road Frame-W - Yellow, 40","Yellow"
431,"FR-R72Y-42",14,"ML Road Frame-W - Yellow, 42","Yellow"
432,"FR-R72Y-42",14,"ML Road Frame-W - Yellow, 42","Yellow"
433,"FR-R72Y-44",14,"ML Road Frame-W - Yellow, 44","Yellow"
434,"FR-R72Y-44",14,"ML Road Frame-W - Yellow, 44","Yellow"
435,"FR-R72Y-48",14,"ML Road Frame-W - Yellow, 48","Yellow"
436,"FR-R72Y-48",14,"ML Road Frame-W - Yellow, 48","Yellow"
437,"FR-R92B-62",14,"HL Road Frame - Black, 62","Black"
438,"FR-R92B-62",14,"HL Road Frame - Black, 62","Black"
439,"FR-R92B-44",14,"HL Road Frame - Black, 44","Black"
440,"FR-R92B-44",14,"HL Road Frame - Black, 44","Black"
441,"FR-R92B-48",14,"HL Road Frame - Black, 48","Black"
442,"FR-R92B-48",14,"HL Road Frame - Black, 48","Black"
443,"FR-R92B-52",14,"HL Road Frame - Black, 52","Black"
444,"FR-R92B-52",14,"HL Road Frame - Black, 52","Black"
445,"SH-M897-S",22,"Men's Sports Shorts, S","Black"
446,"PA-T100",35,"Touring-Panniers, Large","Grey"
447,"LO-C100",34,"Cable Lock","NA"
448,"PU-0452",36,"Minipump","NA"
449,"PU-M044",36,"Mountain Pump","NA"
450,"LT-T990",33,"Taillights - Battery-Powered","NA"
451,"LT-H902",33,"Headlights - Dual-Beam","NA"
452,"LT-H903",33,"Headlights - Weatherproof","NA"
453,"SH-M897-M",22,"Men's Sports Shorts, M","Black"
454,"SH-M897-L",22,"Men's Sports Shorts, L","Black"
455,"SH-M897-X",22,"Men's Sports Shorts, XL","Black"
456,"TG-W091-S",24,"Women's Tights, S","Black"
457,"TG-W091-M",24,"Women's Tights, M","Black"
458,"TG-W091-L",24,"Women's Tights, L","Black"
459,"SB-M891-S",18,"Men's Bib-Shorts, S","Multi"
460,"SB-M891-M",18,"Men's Bib-Shorts, M","Multi"
461,"SB-M891-L",18,"Men's Bib-Shorts, L","Multi"
462,"GL-H102-S",20,"Half-Finger Gloves, S","Black"
463,"GL-H102-S",20,"Half-Finger Gloves, S","Black"
464,"GL-H102-M",20,"Half-Finger Gloves, M","Black"
465,"GL-H102-M",20,"Half-Finger Gloves, M","Black"
466,"GL-H102-L",20,"Half-Finger Gloves, L","Black"
467,"GL-H102-L",20,"Half-Finger Gloves, L","Black"
468,"GL-F110-S",20,"Full-Finger Gloves, S","Black"
469,"GL-F110-M",20,"Full-Finger Gloves, M","Black"
470,"GL-F110-L",20,"Full-Finger Gloves, L","Black"
471,"VE-C304-S",25,"Classic Vest, S","Blue"
472,"VE-C304-M",25,"Classic Vest, M","Blue"
473,"VE-C304-L",25,"Classic Vest, L","Blue"
474,"SH-W890-S",22,"Women's Mountain Shorts, S","Black"
475,"SH-W890-M",22,"Women's Mountain Shorts, M","Black"
476,"SH-W890-L",22,"Women's Mountain Shorts, L","Black"
477,"WB-H098",28,"Water Bottle - 30 oz.","NA"
478,"BC-M005",28,"Mountain Bottle Cage","NA"
479,"BC-R205",28,"Road Bottle Cage","NA"
480,"PK-7098",37,"Patch Kit/8 Patches","NA"
481,"SO-R809-M",23,"Racing Socks, M","White"
482,"SO-R809-L",23,"Racing Socks, L","White"
483,"RA-H123",26,"Hitch Rack - 4-Bike","NA"
484,"CL-9009",29,"Bike Wash - Dissolver","NA"
485,"FE-6654",30,"Fender Set - Mountain","NA"
486,"ST-1401",27,"All-Purpose Bike Stand","NA"
487,"HY-1023-70",32,"Hydration Pack - 70 oz.","Silver"
488,"SJ-0194-S",21,"Short-Sleeve Classic Jersey, S","Yellow"
489,"SJ-0194-M",21,"Short-Sleeve Classic Jersey, M","Yellow"
490,"SJ-0194-L",21,"Short-Sleeve Classic Jersey, L","Yellow"
491,"SJ-0194-X",21,"Short-Sleeve Classic Jersey, XL","Yellow"
492,"FR-T98Y-60",16,"HL Touring Frame - Yellow, 60","Yellow"
493,"FR-T67Y-62",16,"LL Touring Frame - Yellow, 62","Yellow"
494,"FR-T98Y-46",16,"HL Touring Frame - Yellow, 46","Yellow"
495,"FR-T98Y-50",16,"HL Touring Frame - Yellow, 50","Yellow"
496,"FR-T98Y-54",16,"HL Touring Frame - Yellow, 54","Yellow"
497,"FR-T98U-46",16,"HL Touring Frame - Blue, 46","Blue"
498,"FR-T98U-50",16,"HL Touring Frame - Blue, 50","Blue"
499,"FR-T98U-54",16,"HL Touring Frame - Blue, 54","Blue"
500,"FR-T98U-60",16,"HL Touring Frame - Blue, 60","Blue"
501,"RD-2308",9,"Rear Derailleur","Silver"
502,"FR-T67U-50",16,"LL Touring Frame - Blue, 50","Blue"
503,"FR-T67U-54",16,"LL Touring Frame - Blue, 54","Blue"
504,"FR-T67U-58",16,"LL Touring Frame - Blue, 58","Blue"
505,"FR-T67U-62",16,"LL Touring Frame - Blue, 62","Blue"
506,"FR-T67Y-44",16,"LL Touring Frame - Yellow, 44","Yellow"
507,"FR-T67Y-50",16,"LL Touring Frame - Yellow, 50","Yellow"
508,"FR-T67Y-54",16,"LL Touring Frame - Yellow, 54","Yellow"
509,"FR-T67Y-58",16,"LL Touring Frame - Yellow, 58","Yellow"
510,"FR-T67U-44",16,"LL Touring Frame - Blue, 44","Blue"
511,"FR-M63S-40",12,"ML Mountain Frame-W - Silver, 40","Silver"
512,"FR-M63S-42",12,"ML Mountain Frame-W - Silver, 42","Silver"
513,"FR-M63S-46",12,"ML Mountain Frame-W - Silver, 46","Silver"
514,"RB-9231",6,"Rear Brakes","Silver"
515,"SE-M236",15,"LL Mountain Seat/Saddle","NA"
516,"SE-M798",15,"ML Mountain Seat/Saddle","NA"
517,"SE-M940",15,"HL Mountain Seat/Saddle","NA"
518,"SE-R581",15,"LL Road Seat/Saddle","NA"
519,"SE-R908",15,"ML Road Seat/Saddle","NA"
520,"SE-R995",15,"HL Road Seat/Saddle","NA"
521,"SE-T312",15,"LL Touring Seat/Saddle","NA"
522,"SE-T762",15,"ML Touring Seat/Saddle","NA"
523,"SE-T924",15,"HL Touring Seat/Saddle","NA"
524,"FR-M21S-42",12,"LL Mountain Frame - Silver, 42","Silver"
525,"FR-M21S-44",12,"LL Mountain Frame - Silver, 44","Silver"
526,"FR-M21S-48",12,"LL Mountain Frame - Silver, 48","Silver"
527,"FR-M21S-52",12,"LL Mountain Frame - Silver, 52","Silver"
528,"TT-M928",37,"Mountain Tire Tube","NA"
529,"TT-R982",37,"Road Tire Tube","NA"
530,"TT-T092",37,"Touring Tire Tube","NA"
531,"FR-M21B-42",12,"LL Mountain Frame - Black, 42","Black"
532,"FR-M21B-44",12,"LL Mountain Frame - Black, 44","Black"
533,"FR-M21B-48",12,"LL Mountain Frame - Black, 48","Black"
534,"FR-M21B-52",12,"LL Mountain Frame - Black, 52","Black"
535,"TI-M267",37,"LL Mountain Tire","NA"
536,"TI-M602",37,"ML Mountain Tire","NA"
537,"TI-M823",37,"HL Mountain Tire","NA"
538,"TI-R092",37,"LL Road Tire","NA"
539,"TI-R628",37,"ML Road Tire","NA"
540,"TI-R982",37,"HL Road Tire","NA"
541,"TI-T723",37,"Touring Tire","NA"
542,"PD-M282",13,"LL Mountain Pedal","Silver/Black"
543,"PD-M340",13,"ML Mountain Pedal","Silver/Black"
544,"PD-M562",13,"HL Mountain Pedal","Silver/Black"
545,"PD-R347",13,"LL Road Pedal","Silver/Black"
546,"PD-R563",13,"ML Road Pedal","Silver/Black"
547,"PD-R853",13,"HL Road Pedal","Silver/Black"
548,"PD-T852",13,"Touring Pedal","Silver/Black"
549,"FR-M63S-38",12,"ML Mountain Frame-W - Silver, 38","Silver"
550,"FR-M21B-40",12,"LL Mountain Frame - Black, 40","Black"
551,"FR-M21S-40",12,"LL Mountain Frame - Silver, 40","Silver"
552,"FD-2342",9,"Front Derailleur","Silver"
553,"HB-T721",4,"LL Touring Handlebars","NA"
554,"HB-T928",4,"HL Touring Handlebars","NA"
555,"FB-9873",6,"Front Brakes","Silver"
556,"CS-4759",8,"LL Crankset","Black"
557,"CS-6583",8,"ML Crankset","Black"
558,"CS-9183",8,"HL Crankset","Black"
559,"CH-0234",7,"Chain","Silver"
560,"BK-T44U-60",3,"Touring-2000 Blue, 60","Blue"
561,"BK-T79Y-46",3,"Touring-1000 Yellow, 46","Yellow"
562,"BK-T79Y-50",3,"Touring-1000 Yellow, 50","Yellow"
563,"BK-T79Y-54",3,"Touring-1000 Yellow, 54","Yellow"
564,"BK-T79Y-60",3,"Touring-1000 Yellow, 60","Yellow"
565,"BK-T18U-54",3,"Touring-3000 Blue, 54","Blue"
566,"BK-T18U-58",3,"Touring-3000 Blue, 58","Blue"
567,"BK-T18U-62",3,"Touring-3000 Blue, 62","Blue"
568,"BK-T18Y-44",3,"Touring-3000 Yellow, 44","Yellow"
569,"BK-T18Y-50",3,"Touring-3000 Yellow, 50","Yellow"
570,"BK-T18Y-54",3,"Touring-3000 Yellow, 54","Yellow"
571,"BK-T18Y-58",3,"Touring-3000 Yellow, 58","Yellow"
572,"BK-T18Y-62",3,"Touring-3000 Yellow, 62","Yellow"
573,"BK-T79U-46",3,"Touring-1000 Blue, 46","Blue"
574,"BK-T79U-50",3,"Touring-1000 Blue, 50","Blue"
575,"BK-T79U-54",3,"Touring-1000 Blue, 54","Blue"
576,"BK-T79U-60",3,"Touring-1000 Blue, 60","Blue"
577,"BK-T44U-46",3,"Touring-2000 Blue, 46","Blue"
578,"BK-T44U-50",3,"Touring-2000 Blue, 50","Blue"
579,"BK-T44U-54",3,"Touring-2000 Blue, 54","Blue"
580,"BK-R79Y-40",2,"Road-350-W Yellow, 40","Yellow"
581,"BK-R79Y-42",2,"Road-350-W Yellow, 42","Yellow"
582,"BK-R79Y-44",2,"Road-350-W Yellow, 44","Yellow"
583,"BK-R79Y-48",2,"Road-350-W Yellow, 48","Yellow"
584,"BK-R19B-58",2,"Road-750 Black, 58","Black"
585,"BK-T18U-44",3,"Touring-3000 Blue, 44","Blue"
586,"BK-T18U-50",3,"Touring-3000 Blue, 50","Blue"
587,"BK-M38S-38",1,"Mountain-400-W Silver, 38","Silver"
588,"BK-M38S-40",1,"Mountain-400-W Silver, 40","Silver"
589,"BK-M38S-42",1,"Mountain-400-W Silver, 42","Silver"
590,"BK-M38S-46",1,"Mountain-400-W Silver, 46","Silver"
591,"BK-M18S-40",1,"Mountain-500 Silver, 40","Silver"
592,"BK-M18S-42",1,"Mountain-500 Silver, 42","Silver"
593,"BK-M18S-44",1,"Mountain-500 Silver, 44","Silver"
594,"BK-M18S-48",1,"Mountain-500 Silver, 48","Silver"
595,"BK-M18S-52",1,"Mountain-500 Silver, 52","Silver"
596,"BK-M18B-40",1,"Mountain-500 Black, 40","Black"
597,"BK-M18B-42",1,"Mountain-500 Black, 42","Black"
598,"BK-M18B-44",1,"Mountain-500 Black, 44","Black"
599,"BK-M18B-48",1,"Mountain-500 Black, 48","Black"
600,"BK-M18B-52",1,"Mountain-500 Black, 52","Black"
601,"BB-7421",5,"LL Bottom Bracket","NA"
602,"BB-8107",5,"ML Bottom Bracket","NA"
603,"BB-9108",5,"HL Bottom Bracket","NA"
604,"BK-R19B-44",2,"Road-750 Black, 44","Black"
605,"BK-R19B-48",2,"Road-750 Black, 48","Black"
606,"BK-R19B-52",2,"Road-750 Black, 52","Black"
